18675465877,PullRequestEvent,2021-10-31T13:37:43Z,138641229,AEGEE/frontend
18675970352,PullRequestEvent,2021-10-31T15:11:50Z,242825491,17tanya/Leetcode-Data-Structures-and-Algorithms
18675975848,WatchEvent,2021-10-31T15:12:52Z,4232506,abique/hefur
18675959210,WatchEvent,2021-10-31T15:09:47Z,87725664,acdemiralp/cmake_templates
18675967760,PullRequestEvent,2021-10-31T15:11:20Z,287269532,adjoli/libpythonpro
18675958029,IssuesEvent,2021-10-31T15:09:33Z,344255905,alexandr7035/gitstat
18676030057,PullRequestEvent,2021-10-31T15:23:06Z,422524079,alita78/follow-the-link
18676042565,PullRequestEvent,2021-10-31T15:25:28Z,423158282,ana-rosa/Carmen-Sandiego-Fan-Game
18676020728,PullRequestEvent,2021-10-31T15:21:21Z,421772817,Andante-SWith/SWith-BackEnd
18676023399,PullRequestEvent,2021-10-31T15:21:51Z,396965350,androiddevnotesforks/Gear-VPN
18676023399,PullRequestEvent,2021-10-31T15:21:51Z,396965350,androiddevnotesforks/Gear-VPN
18676020709,WatchEvent,2021-10-31T15:21:21Z,295185311,anncwb/vite-plugin-mock
18676023373,IssuesEvent,2021-10-31T15:21:51Z,106698713,arduino-libraries/ArduinoBearSSL
18676023373,IssuesEvent,2021-10-31T15:21:51Z,106698713,arduino-libraries/ArduinoBearSSL
18676024707,WatchEvent,2021-10-31T15:22:06Z,244070216,artitw/text2text
18676020712,WatchEvent,2021-10-31T15:21:21Z,415388382,Aryan20/DraculaSur-custom-gtk-theme
18675972973,PullRequestEvent,2021-10-31T15:12:20Z,223661662,atomist-skills/helloworld-skill
18675468090,WatchEvent,2021-10-31T13:38:08Z,45362021,babelouest/ulfius
18675466711,WatchEvent,2021-10-31T13:37:53Z,393571599,babysor/MockingBird
18676031875,PullRequestEvent,2021-10-31T15:23:27Z,318430038,bitsbb01/iptv-3
18676028356,PullRequestEvent,2021-10-31T15:22:46Z,423020140,BluemediaGER/Timechamp
18676026666,PullRequestEvent,2021-10-31T15:22:26Z,423162602,boranfrkn/bitcoin-market-android
18676037177,WatchEvent,2021-10-31T15:24:27Z,204290293,bosefirmware/ced
18676031892,PullRequestEvent,2021-10-31T15:23:27Z,397655158,Bouqui/webFunctionalTests_Javascript
18676031891,WatchEvent,2021-10-31T15:23:27Z,110178895,brave/brave-browser
18675962308,WatchEvent,2021-10-31T15:10:19Z,164419238,bregman-arie/devops-resources
18675465811,PullRequestEvent,2021-10-31T13:37:42Z,143488903,bvermeulen/Django
18675962320,PullRequestEvent,2021-10-31T15:10:19Z,420636948,Cacolet/Working
18675963640,PullRequestEvent,2021-10-31T15:10:33Z,416572337,catcat0921/JimuReport
18675466656,IssuesEvent,2021-10-31T13:37:52Z,108965444,charles2gan/GDA-android-reversing-Tool
18676044352,PullRequestEvent,2021-10-31T15:25:48Z,214327770,chinmoy159/Python-Guide
18675977167,WatchEvent,2021-10-31T15:13:07Z,422519786,cipher387/API-s-for-OSINT
18675978431,IssuesEvent,2021-10-31T15:13:22Z,202597099,cljdoc/cljdoc-analyzer
18675966430,PullRequestEvent,2021-10-31T15:11:05Z,412694618,Congyuwang/Py-Bitcoin-Explorer
18676042563,PullRequestEvent,2021-10-31T15:25:28Z,5401645,CoreASM/coreasm.core
18675962292,IssuesEvent,2021-10-31T15:10:19Z,183528204,cpieprzak/PoeAggregator
18675466719,WatchEvent,2021-10-31T13:37:53Z,24782902,cSploit/android
18676026625,IssuesEvent,2021-10-31T15:22:26Z,3791835,darktable-org/darktable
18675966468,WatchEvent,2021-10-31T15:11:05Z,129476561,datascienceid/deep-learning-resources
18675960676,WatchEvent,2021-10-31T15:10:03Z,356890543,datawhalechina/learn-nlp-with-transformers
18675978467,WatchEvent,2021-10-31T15:13:22Z,194763635,datawhalechina/leeml-notes
18676018469,PullRequestEvent,2021-10-31T15:20:55Z,370127414,devoxa/next-i18next-compress
18675969001,PullRequestEvent,2021-10-31T15:11:34Z,399745988,dfroberg/cluster
18676023356,PullRequestEvent,2021-10-31T15:21:51Z,190890214,docchula/smcu-document-number
18676023356,PullRequestEvent,2021-10-31T15:21:51Z,190890214,docchula/smcu-document-number
18675979721,PullRequestEvent,2021-10-31T15:13:37Z,1957456,Dolibarr/dolibarr
18675973040,IssuesEvent,2021-10-31T15:12:21Z,164619152,domambia/csdigital-gs1kenya-internal-erp
18676019296,IssuesEvent,2021-10-31T15:21:05Z,416536734,dongho108/breaking-codingtest
18675966460,WatchEvent,2021-10-31T15:11:05Z,61982799,dotnet/DataGridExtensions
18675966494,PullRequestEvent,2021-10-31T15:11:05Z,395408078,dukefoss/stralende-frontend
18675966498,PullRequestEvent,2021-10-31T15:11:05Z,213547521,dwindibudimulia16/MovieCatalogue
18675967715,PullRequestEvent,2021-10-31T15:11:20Z,213547521,dwindibudimulia16/MovieCatalogue
18675970358,PullRequestEvent,2019-10-31T16:11:56Z,213547521,dwindibudimulia16/MovieCatalogue
18675970359,PullRequestEvent,2021-10-31T15:11:50Z,213547521,dwindibudimulia16/MovieCatalogue
18676033628,PullRequestEvent,2021-10-31T15:23:47Z,420189476,easywithgo/ingress-controller
18676042559,WatchEvent,2021-10-31T15:25:28Z,85217518,elementary/appcenter
18675973027,PullRequestEvent,2021-10-31T15:12:21Z,370058901,error9098x/MoodJournal
18676040832,WatchEvent,2021-10-31T15:25:07Z,21898215,FabienSerny/mymodcomments
18675979688,WatchEvent,2021-10-31T15:13:37Z,3075693,facebookarchive/facebook-js-sdk
18676033620,WatchEvent,2021-10-31T15:23:47Z,18577738,facebookarchive/hack-conversion-demo
18676033650,WatchEvent,2021-10-31T15:23:47Z,406403843,fnaghetini/intro-to-geostats
18675965069,PullRequestEvent,2021-10-31T15:10:49Z,416811512,gdsclpu/OpenWorldAPI
18676018479,PullRequestEvent,2021-10-31T15:20:55Z,272034898,GeekZoneHQ/web
18676042533,PullRequestEvent,2021-10-31T15:25:28Z,210796886,getferdi/recipes
18675962313,PullRequestEvent,2021-10-31T15:10:19Z,277621205,getumbrel/umbrel
18675966474,PullRequestEvent,2021-10-31T15:11:05Z,116214633,gfxfundamentals/threejsfundamentals
18676030099,WatchEvent,2021-10-31T15:23:07Z,20904437,gin-gonic/gin
18675959255,WatchEvent,2021-10-31T15:09:48Z,64230308,gkouros/rsband_local_planner
18676044337,PullRequestEvent,2021-10-31T15:25:48Z,311093987,gothick/omm
18675962274,PullRequestEvent,2021-10-31T15:10:18Z,186402701,gtk-rs/gtk4-rs
18676022041,IssuesEvent,2021-10-31T15:21:36Z,416041923,Hand-And-Paw/hand-and-paw
18675468040,PullRequestEvent,2021-10-31T13:38:08Z,253554017,HLEndman/MyBlog_ENG
18676020711,WatchEvent,2021-10-31T15:21:21Z,155150849,hui-z/image_gallery_saver
18676035317,PullRequestEvent,2021-10-31T15:24:07Z,422887170,hydridity/discord-wormhole
18676044341,PullRequestEvent,2021-10-31T15:25:48Z,419563198,hys020325/SmileHYS
18675468084,IssuesEvent,2021-10-31T13:38:08Z,423157783,iftg7n/Test
18676028332,WatchEvent,2021-10-31T15:22:46Z,415997918,imankgoyal/NonDeepNetworks
18675977159,PullRequestEvent,2021-10-31T15:13:07Z,406305803,ING102-F1/shavi-website
18675960637,WatchEvent,2021-10-31T15:10:03Z,372249232,instaglitch/instaglitch
18676033616,WatchEvent,2021-10-31T15:23:47Z,62413100,ipfs/ipfs-cluster
18676026624,PullRequestEvent,2021-10-31T15:22:26Z,423181620,itsmekrrish/Hacktoberfest2021
18676040845,PullRequestEvent,2021-10-31T15:25:08Z,316625790,itsprivate/ts
18676038995,PullRequestEvent,2021-10-31T15:24:47Z,359384757,ivgtr/crop-icon
18676022057,WatchEvent,2021-10-31T15:21:36Z,177371860,jaredLunde/react-hook
18675972987,PullRequestEvent,2021-10-31T15:12:21Z,423008562,javajon/katacoda-solver
18676022039,WatchEvent,2021-10-31T15:21:36Z,50264296,jgthms/bulma
18675965085,PullRequestEvent,2021-10-31T15:10:49Z,371737870,jianyuyanyu/DryIoc
18675956808,WatchEvent,2021-10-31T15:09:19Z,338102540,john-smilga/node-express-course
18675966432,PullRequestEvent,2021-10-31T15:11:05Z,422815167,joshtinhan/py_learning
18675966446,WatchEvent,2021-10-31T15:11:05Z,330355447,JuliaBooks/Books.jl
18676018423,PullRequestEvent,2021-10-31T15:20:55Z,67042487,justingorham/resume
18676031885,WatchEvent,2021-10-31T15:23:27Z,170411418,kedacore/keda
18675979664,IssuesEvent,2021-10-31T15:13:36Z,416843536,KelvinTegelaar/CIPP
18675972975,WatchEvent,2021-10-31T15:12:21Z,199315656,KhronosGroup/OpenXR-SDK
18675971703,IssuesEvent,2021-10-31T15:12:06Z,413254953,Kobayashi-j/spotem
18676042535,WatchEvent,2021-10-31T15:25:28Z,206462776,kon9chunkit/GitHub-Chinese-Top-Charts
18676023386,PullRequestEvent,2021-10-31T15:21:51Z,414713013,KSeredkina/Java_Script
18676023386,PullRequestEvent,2021-10-31T15:21:51Z,414713013,KSeredkina/Java_Script
18676040866,PullRequestEvent,2021-10-31T15:25:08Z,292791412,Lacro59/playnite-checklocalizations-plugin
18675959265,PullRequestEvent,2021-10-31T15:09:48Z,290241816,LibreSign/libresign
18676035339,WatchEvent,2021-10-31T15:24:07Z,421343415,MaCoHa/Mini-Project_2-Chitty-Chat
18676026647,PullRequestEvent,2021-10-31T15:22:26Z,421873874,Marcelo-Marcal/ignite-desafio07-construindo-com-serverless
18676040847,WatchEvent,2021-10-31T15:25:08Z,106023615,marcosgriselli/ViewAnimator
18675970343,PullRequestEvent,2021-10-31T15:11:50Z,423033960,mathschagas/React-Redux-Training
18675975862,WatchEvent,2021-10-31T15:12:52Z,301793434,mattermost/focalboard
18675971697,WatchEvent,2021-10-31T15:12:06Z,343791522,MaxNeedsSnacks/roadrunner
18676031910,PullRequestEvent,2021-10-31T15:23:27Z,123017614,michelvanheest/shortcuts-design-data
18675977123,PullRequestEvent,2021-10-31T15:13:07Z,344192338,microsoft/IoT-For-Beginners
18675468046,PullRequestEvent,2021-10-31T13:38:08Z,197275551,microsoft/winget-pkgs
18676028321,WatchEvent,2021-10-31T15:22:46Z,34235955,MinecraftForge/Documentation
18676035359,PullRequestEvent,2021-10-31T15:24:07Z,423183016,Mohitkjaajumarpannu/Hacktoberfest2k21
18675958040,WatchEvent,2021-10-31T15:09:33Z,96687999,MrPowerScripts/reddit-karma-farming-bot
18675958002,WatchEvent,2021-10-31T15:09:33Z,96687999,MrPowerScripts/reddit-karma-farming-bot
18675959270,WatchEvent,2021-10-31T15:09:48Z,96687999,MrPowerScripts/reddit-karma-farming-bot
18675959241,WatchEvent,2021-10-31T15:09:48Z,96687999,MrPowerScripts/reddit-karma-farming-bot
18675959209,WatchEvent,2021-10-31T15:09:47Z,96687999,MrPowerScripts/reddit-karma-farming-bot
18676018420,IssuesEvent,2021-10-31T15:20:55Z,281694167,Mrs4s/go-cqhttp
18676028315,IssuesEvent,2021-10-31T15:22:45Z,14447732,msys2/MINGW-packages
18675973067,WatchEvent,2021-10-31T15:12:21Z,315330275,n00mkrad/flowframes
18675959258,IssuesEvent,2021-10-31T15:09:48Z,423176595,nabingx/github-slideshow
18676026634,PullRequestEvent,2021-10-31T15:22:26Z,420174168,nftpass/np-backend
18675966483,WatchEvent,2021-10-31T15:11:05Z,148829497,o2sh/onefetch
18675970348,WatchEvent,2021-10-31T15:11:50Z,76285725,off99555/machine-learning-curriculum
18676026638,PullRequestEvent,2021-10-31T15:22:26Z,419527355,OTaufer/election-cli
18675963675,WatchEvent,2021-10-31T15:10:34Z,262296122,PaddlePaddle/PaddleOCR
18675956809,PullRequestEvent,2021-10-31T15:09:19Z,423179243,peterwongny/hello-github-actions
18676037172,PullRequestEvent,2021-10-31T15:24:26Z,120167229,phigasui/phigasui.com
18676033604,WatchEvent,2021-10-31T15:23:47Z,9393759,photonstorm/phaser
18676023412,WatchEvent,2021-10-31T15:21:51Z,77566163,pllk/cphb
18676023412,WatchEvent,2021-10-31T15:21:51Z,77566163,pllk/cphb
18676037254,IssuesEvent,2021-10-31T15:24:27Z,351415134,ptkdev-boilerplate/svelte-cordova-boilerplate
18676019341,WatchEvent,2021-10-31T15:21:05Z,423183675,QPC-WORLDWIDE/jsgrep
18676035333,WatchEvent,2021-10-31T15:24:07Z,423184500,QPC-WORLDWIDE/metrics
18676031917,WatchEvent,2021-10-31T15:23:27Z,423184302,QPC-WORLDWIDE/shanghai-swagger-core
18676031882,IssuesEvent,2021-10-31T15:23:27Z,19872456,remix-run/react-router
18675969072,WatchEvent,2021-10-31T15:11:35Z,2897024,rhcad/x3c
18675979704,IssuesEvent,2021-10-31T15:13:37Z,420858612,RhetTbull/autofile
18675978478,WatchEvent,2021-10-31T15:13:22Z,63773246,ricequant/rqalpha
18676024769,WatchEvent,2021-10-31T15:22:06Z,423177150,Richard-Tang/FlatLafTabFrame
18676028368,PullRequestEvent,2021-10-31T15:22:46Z,397861199,sanskarsri/university-management-system
18675960588,WatchEvent,2021-10-31T15:10:02Z,423165608,saroskovic/Zadatak4
18676044369,IssuesEvent,2021-10-31T15:25:48Z,96122448,scikit-tda/ripser.py
18676044361,IssuesEvent,2021-10-31T15:25:48Z,415471303,seankross/mario
18675965028,PullRequestEvent,2021-10-31T15:10:49Z,423077362,sebastien-prudhomme/renovate-tests
18675967692,PullRequestEvent,2021-10-31T15:11:19Z,160083795,SerenityOS/serenity
18676042569,PullRequestEvent,2021-10-31T15:25:28Z,19368783,shirasagi/shirasagi
18676033648,PullRequestEvent,2021-10-31T15:23:47Z,406858313,shittyweb/renovate-config
18676019286,WatchEvent,2021-10-31T15:21:05Z,34888760,slogsdon/plug-web-socket
18676037257,WatchEvent,2021-10-31T15:24:27Z,414704410,smknstd/modern-php-cheatsheet
18675969047,IssuesEvent,2021-10-31T15:11:35Z,400812077,SoravitPete/ku-polls
18675963629,WatchEvent,2021-10-31T15:10:33Z,41288708,sourcegraph/sourcegraph
18675971761,WatchEvent,2021-10-31T15:12:06Z,132581720,spatie/laravel-schemaless-attributes
18676020739,PullRequestEvent,2021-10-31T15:21:21Z,248372391,SpookyUmi/portfolio
18675969061,PullRequestEvent,2021-10-31T15:11:35Z,378295359,Sukhija-Aniket/TodoList
18675960599,IssuesEvent,2021-10-31T15:10:02Z,116708603,supermerill/SuperSlicer
18676033642,WatchEvent,2021-10-31T15:23:47Z,115110181,swc-project/swc
18675466724,PullRequestEvent,2021-10-31T13:37:53Z,221822577,Tencent/Hippy
18675960641,PullRequestEvent,2021-10-31T15:10:03Z,392080128,thatbeautifuldream/java-dsa-bootcamp
18675967738,PullRequestEvent,2021-10-31T15:11:20Z,422285863,TienNg21/EcoPark-Bicycle-Parking
18676039046,PullRequestEvent,2021-10-31T15:24:48Z,316396584,tinosulzer/DiffEqOperators.jl
18676031908,WatchEvent,2021-10-31T15:23:27Z,420993390,tmatis/ft_mallocator
18675974427,WatchEvent,2021-10-31T15:12:36Z,368990407,tntwist/binance-trade-bot
18675978464,WatchEvent,2021-10-31T15:13:22Z,422706548,traumatism/subdah
18675963657,WatchEvent,2021-10-31T15:10:34Z,348400917,TroJanzHEX/Unlimited-Filter-Bot
18676019305,PullRequestEvent,2021-10-31T15:21:05Z,415539605,ukraine-sdg/data
18676042523,PullRequestEvent,2021-10-31T15:25:28Z,49122742,Wechat-Group/WxJava
18675971732,PullRequestEvent,2021-10-31T15:12:06Z,63881328,wireapp/wire-webapp
18675960602,PullRequestEvent,2021-10-31T15:10:02Z,421348869,X-Zhang-coder/THSS_DDBMS
18676044365,WatchEvent,2021-10-31T15:25:48Z,106424275,xxczaki/cash-cli
18676026597,PullRequestEvent,2021-10-31T15:22:25Z,252283257,Yazan98/portfolio
18675969004,PullRequestEvent,2021-10-31T15:11:34Z,83711165,yeti-switch/yeti-web
18675973046,PullRequestEvent,2021-10-31T15:12:21Z,372281568,ZahiriNatZuke/dynamic-table
18675971763,WatchEvent,2021-10-31T15:12:06Z,112938168,zupzup/golang-http-file-upload-download18680997609
18680997540,WatchEvent,2021-11-01T05:35:55Z,340854788,iamthefrogy/frogy
18680999924,PullRequestEvent,2021-11-01T05:36:14Z,423348863,loftwah/flutter-firebase-quizapp-course
18680999828,PullRequestEvent,2021-11-01T05:36:14Z,423349281,direwolf-github/ephemeral-ci-bd938594
18680999802,PullRequestEvent,2021-11-01T05:36:13Z,422954773,adityaraj0109/Student-Hub
18681030311,WatchEvent,2021-11-01T05:40:32Z,172617835,javagrowing/JGrowing
18681030228,PullRequestEvent,2021-11-01T05:40:31Z,423350023,direwolf-github/my-app-af32ada0
18681030242,PullRequestEvent,2021-11-01T05:40:31Z,422262714,MoTo-LaBo/C_webots
18681030212,WatchEvent,2021-11-01T05:40:31Z,102413181,mingrammer/go-web-framework-stars
18681031513,PullRequestEvent,2021-11-01T05:40:42Z,411849809,jjsheets/nebula
18681031497,IssuesEvent,2021-11-01T05:40:42Z,100336882,UbiquityDotNET/Llvm.NET
18681031476,WatchEvent,2021-11-01T05:40:42Z,139914932,quarkusio/quarkus
18681031369,PullRequestEvent,2021-11-01T05:40:41Z,373654840,streamlit/docs
18681031362,PullRequestEvent,2021-11-01T05:40:41Z,382863291,0dragosh/homelab-k3s
18681033158,PullRequestEvent,2021-11-01T05:40:56Z,84279718,LeeJungSun/LeeJungSun.github.io
18681033120,WatchEvent,2021-11-01T05:40:56Z,243193350,Momo707577045/m3u8-downloader
18681033108,WatchEvent,2021-11-01T05:40:56Z,85077558,kamranahmedse/developer-roadmap
18681033114,PullRequestEvent,2021-11-01T05:40:56Z,411094164,gardenbed/basil-cli
18681133462,WatchEvent,2021-11-01T05:54:19Z,8315473,libreswan/libreswan
18681133469,WatchEvent,2021-11-01T05:54:19Z,107286889,schollz/croc
18681133443,PullRequestEvent,2021-11-01T05:54:19Z,35640229,rollup/rollup
18681133444,WatchEvent,2021-11-01T05:54:19Z,345003350,SemyonSinchenko/qmlcourse
18681133419,WatchEvent,2021-11-01T05:54:19Z,423352639,Minexora/vue-2-breadcrumbs
18681133409,PullRequestEvent,2021-11-01T05:54:19Z,372386376,matheuscbs/libpythonpro
18681133411,IssuesEvent,2021-11-01T05:54:19Z,412295694,Jaya0455/git-learning
18681133413,PullRequestEvent,2021-11-01T05:54:19Z,409755690,techbow-homework/homework
18681144818,PullRequestEvent,2021-11-01T05:55:51Z,422901857,qq57240/onepush
18681144795,PullRequestEvent,2021-11-01T05:55:51Z,228281567,CruzHacks/cruzhacks-mailing-microservice
18681144768,WatchEvent,2021-11-01T05:55:51Z,415600223,CodingDocs/awesome-idea-tutorial
18681144753,PullRequestEvent,2021-11-01T05:55:51Z,394888510,JiXiangChua/Cohab
18681144706,WatchEvent,2021-11-01T05:55:50Z,311494522,Retik/ExceptionSerializationDebug
18681144717,WatchEvent,2021-11-01T05:55:50Z,136815833,Dreamacro/clash
18681146128,PullRequestEvent,2021-11-01T05:56:02Z,409466275,neoburger/maintainer
18681145999,PullRequestEvent,2021-11-01T05:56:01Z,418112809,w0819/UHC_System
18681167728,PullRequestEvent,2021-11-01T05:58:56Z,352493080,darthC0de/ApprenderBackend
18681167712,WatchEvent,2021-11-01T05:58:56Z,57090588,country-regions/react-country-region-selector
18681167701,WatchEvent,2021-11-01T05:58:56Z,317734076,kevwan/awesome-go
18681167682,PullRequestEvent,2021-11-01T05:58:56Z,99251094,elastic/apm-server
18681435097,PullRequestEvent,2021-11-01T06:26:43Z,316625790,itsprivate/ts
18681435023,WatchEvent,2021-11-01T06:26:42Z,198566668,princefr/DaNet-Human-3D-Pose
18681435028,WatchEvent,2021-11-01T06:26:42Z,423357978,FayasNoushad/Flask-API
18681436657,PullRequestEvent,2021-11-01T06:26:54Z,417765311,EliteProgrammersClub/EPCDailyChallenge
18681436633,WatchEvent,2021-11-01T06:26:54Z,423280908,luoyesiqiu/Riru-gaiji
18681436629,PullRequestEvent,2021-11-01T06:26:54Z,401924693,WijayaTimothyLarry/InveStat
18681436607,WatchEvent,2021-11-01T06:26:54Z,275325222,TeaOSLab/EdgeAdmin
18681436572,PullRequestEvent,2021-11-01T06:26:54Z,30769563,ioBroker/ioBroker.sayit
18681436571,PullRequestEvent,2021-11-01T06:26:54Z,391099996,ecomplus-stores/jadmax
18681436554,WatchEvent,2021-11-01T06:26:54Z,327651300,dataengineercafe/data-engineering-book
18681436547,PullRequestEvent,2021-11-01T06:26:54Z,398750254,Hsn723/oyako
18685001512,PullRequestEvent,2021-11-01T11:15:37Z,335668334,hixio-mh/noflo-ui
18685001515,PullRequestEvent,2021-11-01T11:15:37Z,378914285,jonathanblade/igs-roti
18685001457,WatchEvent,2021-11-01T11:15:37Z,20822620,Motion-Project/motion
18685001469,PullRequestEvent,2021-11-01T11:15:37Z,144307332,google/ts-bridge
18685001385,PullRequestEvent,2021-11-01T11:15:37Z,232312458,nymtech/nym
18685363998,WatchEvent,2021-11-01T11:44:23Z,411255833,mfrashad/text2art
18685364029,PullRequestEvent,2021-11-01T11:44:23Z,404186233,piyushjain18/test-kubernetes
18685363983,PullRequestEvent,2021-11-01T11:44:23Z,423440719,webappsforengineers/wa4e-v2
18685363957,PullRequestEvent,2021-11-01T11:44:23Z,421456501,Yedidyar/tamnun-aesc
18685363953,WatchEvent,2021-11-01T11:44:23Z,105199856,mozilla/reticulum
18685366004,PullRequestEvent,2021-11-01T11:44:33Z,421456501,Yedidyar/tamnun-aesc
18685365975,WatchEvent,2021-11-01T11:44:33Z,134035452,justadudewhohacks/face-api.js
18685365921,WatchEvent,2021-11-01T11:44:33Z,73872834,facebook/prophet
18685393499,WatchEvent,2021-11-01T11:46:47Z,52832181,yacir/CollectionViewSlantedLayout
18685393481,PullRequestEvent,2021-11-01T11:46:47Z,89697081,NDLANO/editorial-frontend
18685393497,WatchEvent,2021-11-01T11:46:47Z,13886476,zsh-users/zsh-autosuggestions
18685393453,WatchEvent,2021-11-01T11:46:47Z,175489142,react-native-community/upgrade-helper
18685393444,PullRequestEvent,2021-11-01T11:46:47Z,144095740,wjygit0428/bless
18685393448,IssuesEvent,2021-11-01T11:46:47Z,325313107,jorio/Bugdom
18685393428,PullRequestEvent,2021-11-01T11:46:47Z,401807211,KatsiarynaZhalevich/webpack-must-have
18685395619,PullRequestEvent,2021-11-01T11:46:58Z,4726093,soot-oss/soot
18685395564,WatchEvent,2021-11-01T11:46:58Z,305901495,layer5io/service-mesh-labs
18685395573,WatchEvent,2021-11-01T11:46:58Z,423437024,vasuliy/firs_page
18685395563,PullRequestEvent,2021-11-01T11:46:58Z,97552969,purebred-mua/purebred
18685395521,PullRequestEvent,2021-11-01T11:46:58Z,335040969,sk-merkaly/sdk-js
18685395527,IssuesEvent,2021-11-01T11:46:58Z,348270548,octue/conventional-commits
18685399700,IssuesEvent,2021-11-01T11:47:18Z,73203431,matrix-org/matrix-synapse-ldap3
18685399638,IssuesEvent,2021-11-01T11:47:18Z,392684747,WzhDnwzWzh/WzhDnwzWzh.github.io
18685399632,PullRequestEvent,2021-11-01T11:47:18Z,299616683,pixiebrix/pixiebrix-extension
18685399601,WatchEvent,2021-11-01T11:47:18Z,39907649,soheilhy/cmux
18685399614,WatchEvent,2021-11-01T11:47:18Z,222361926,john-smilga/javascript-basic-projects
18685403559,IssuesEvent,2021-11-01T11:47:38Z,376379119,clawfire/covid19-passbook-generator
18685403553,WatchEvent,2021-11-01T11:47:38Z,192025001,Qv2ray/Qv2ray
18685403538,PullRequestEvent,2021-11-01T11:47:38Z,144095740,wjygit0428/bless
18685403508,PullRequestEvent,2021-11-01T11:47:38Z,369640452,tj-django/django-migration-fixer
18685403520,WatchEvent,2021-11-01T11:47:38Z,89247811,CMU-Perceptual-Computing-Lab/openpose
18685403479,IssuesEvent,2021-11-01T11:47:38Z,406200729,AY2122S1-CS2103T-W16-1/tp
18685403469,PullRequestEvent,2021-11-01T11:47:38Z,401807211,KatsiarynaZhalevich/webpack-must-have
18685407047,PullRequestEvent,2021-11-01T11:47:55Z,398144000,likecoin/about-like-co
18685407023,PullRequestEvent,2021-11-01T11:47:55Z,299616683,pixiebrix/pixiebrix-extension
18685407012,PullRequestEvent,2021-11-01T11:47:55Z,10391073,edx/edx-platform
18685406978,WatchEvent,2021-11-01T11:47:55Z,203000767,keijiro/UnityAnime4K
18685409595,IssuesEvent,2021-11-01T11:48:08Z,405271185,JAForbes/pr-release
18685409542,IssuesEvent,2021-11-01T11:48:08Z,270828883,wengxyu1030/DHS-Recode-IV
18685409513,WatchEvent,2021-11-01T11:48:08Z,30129939,citerus/dddsample-core
18685439841,PullRequestEvent,2021-11-01T11:50:28Z,419831325,arthur-bretonniere/TRAINwithME
18685439769,PullRequestEvent,2021-11-01T11:50:28Z,48009214,microsoft/react-native-windows
18685441915,IssuesEvent,2021-11-01T11:50:38Z,183015189,Fraserbc/BetterDiscord-Embeds
18685441895,PullRequestEvent,2021-11-01T11:50:38Z,2594187,NetLogo/NetLogo
18685441876,PullRequestEvent,2021-11-01T11:50:38Z,362531322,quarkiverse/quarkus-logging-cloudwatch
18685441851,PullRequestEvent,2021-11-01T11:50:38Z,405271185,JAForbes/pr-release
18685441821,IssuesEvent,2021-11-01T11:50:38Z,417882730,stevebauman/showcode
18685441853,WatchEvent,2021-11-01T11:50:38Z,295312652,pancakeswap/pancake-frontend
18685444533,PullRequestEvent,2021-11-01T11:50:50Z,388447894,lukso-network/tools-lsp-factory
18685444515,PullRequestEvent,2021-11-01T11:50:50Z,349049682,persistenceOne/persistenceWallet
18685444485,PullRequestEvent,2021-11-01T11:50:50Z,15111821,grafana/grafana
18685444499,PullRequestEvent,2021-11-01T11:50:50Z,48099500,sapcc/elektra
18685446759,PullRequestEvent,2021-11-01T11:51:01Z,294527126,NizarBerjawi/places-api
18685446704,WatchEvent,2021-11-01T11:51:01Z,130409849,cameronroudebush/Student-Hash-Table-Database
18685446719,PullRequestEvent,2021-11-01T11:51:01Z,97119092,AnacondaRecipes/werkzeug-feedstock
18685446673,WatchEvent,2021-11-01T11:51:01Z,380533801,Kashif-E/Ar-Object-Detection
18685446644,IssuesEvent,2021-11-01T11:51:01Z,344826785,Freechains/freechains.kt
18685449234,PullRequestEvent,2021-11-01T11:51:12Z,417408727,sk-lookie-routine/moamoa-client
18685449130,WatchEvent,2021-11-01T11:51:12Z,10270250,facebook/react
18685449160,WatchEvent,2021-11-01T11:51:12Z,37912398,nginx/nginx
18685449109,WatchEvent,2021-11-01T11:51:12Z,7440432,fgrehm/letter_opener_web
18685449069,PullRequestEvent,2021-11-01T11:51:12Z,305275260,devSython/C-Imp-Codes.
18685449066,IssuesEvent,2021-11-01T11:51:11Z,263603036,FurryGamesIndex/games
18685449054,PullRequestEvent,2021-11-01T11:51:11Z,140871025,yiisoft/yii-console
18685449016,PullRequestEvent,2021-11-01T11:51:11Z,179595110,BarthJr/django-course
18685451482,WatchEvent,2021-11-01T11:51:23Z,84816676,amithorakeri/CodeigniterRESTAPI
18685451469,WatchEvent,2021-11-01T11:51:23Z,416195474,WorkerLivesMatter/WorkingTime
18685451434,IssuesEvent,2021-11-01T11:51:23Z,9286853,unaio/una
18685451439,WatchEvent,2021-11-01T11:51:23Z,233041087,bytedance/ByteX
18685451428,WatchEvent,2021-11-01T11:51:23Z,147256037,jsbroks/coco-annotator
18685451437,WatchEvent,2021-11-01T11:51:23Z,403042758,bubbliiiing/yolox-pytorch
18685453719,PullRequestEvent,2021-11-01T11:51:34Z,281259211,nickysemenza/k3s
18685457061,WatchEvent,2021-11-01T11:51:49Z,350621584,maybevoid/lambek
18685457011,PullRequestEvent,2021-11-01T11:51:49Z,354244823,ronleyzer/ML
18685456996,PullRequestEvent,2021-11-01T11:51:49Z,423113920,alaaseada/LearnIT_git
18685461290,WatchEvent,2021-11-01T11:52:08Z,68024288,kubernetes-sigs/service-catalog
18685461228,WatchEvent,2021-11-01T11:52:08Z,262974637,steipete/InterposeKit
18685461179,PullRequestEvent,2021-11-01T11:52:08Z,420928038,boostcampwm-2021/WEB27-NogariHouse
18685465850,WatchEvent,2021-11-01T11:52:29Z,136202695,mlflow/mlflow
18687863295,PullRequestEvent,2021-11-01T14:29:55Z,359565335,Nathan-Al/MyMenu
18687863145,IssuesEvent,2021-11-01T14:29:55Z,61004625,auth0-samples/auth0-ionic-samples
18687863104,IssuesEvent,2021-11-01T14:29:55Z,120902744,carmineos/fivem-vstancer
18687869109,PullRequestEvent,2021-11-01T14:30:15Z,121098397,navgurukul/chanakya
18687869112,PullRequestEvent,2021-11-01T14:30:15Z,397942149,Project-Path-of-Exile-Wiki/PyPoE
18687869082,IssuesEvent,2021-11-01T14:30:15Z,414566989,SuchonSite/Server
18687869046,WatchEvent,2021-11-01T14:30:15Z,78874965,gurkirt/corrected-UCF101-Annots
18687869015,PullRequestEvent,2021-11-01T14:30:15Z,421033910,oceanography-rookie/SOAC_github
18687869021,IssuesEvent,2021-11-01T14:30:15Z,414252014,auchan-squid-game/auchan-squid-game
18687868977,PullRequestEvent,2021-11-01T14:30:15Z,6628008,brutus/wtforms-html5
18687874418,IssuesEvent,2021-11-01T14:30:34Z,18223131,NanoComp/meep
18687874328,PullRequestEvent,2021-11-01T14:30:33Z,9801644,elastic/elasticsearch-py
18687874263,PullRequestEvent,2021-11-01T14:30:33Z,365884259,devfiliperocha/boilerplate-nextjs
18687874216,WatchEvent,2021-11-01T14:30:33Z,337312145,kartikgupta-at-anu/md-bnn
18687874243,PullRequestEvent,2021-11-01T14:30:33Z,85352251,GenericMappingTools/pygmt
18687874221,PullRequestEvent,2021-11-01T14:30:33Z,13003323,actionhero/node-resque
18687874195,PullRequestEvent,2021-11-01T14:30:33Z,316129271,GSW-11/UserScript
18687874160,IssuesEvent,2021-11-01T14:30:33Z,295764062,root3nl/SupportApp
18687874169,PullRequestEvent,2021-11-01T14:30:33Z,421191086,Alona-Suprun/nodejs-homework-rest-api
18687880090,PullRequestEvent,2021-11-01T14:30:53Z,420516091,psy-repos-go/goreleaser
18687880691,PullRequestEvent,2021-11-01T14:30:55Z,141188987,balenaci/vb-test
18687880638,IssuesEvent,2021-11-01T14:30:55Z,5139175,fjordllc/bootcamp
18687885963,WatchEvent,2021-11-01T14:31:15Z,5499304,chyyuu/os_kernel_lab
18687885909,PullRequestEvent,2021-11-01T14:31:15Z,217777816,actionhero/actionhero-socket-server
18687891152,PullRequestEvent,2021-11-01T14:31:35Z,362231541,hyperledger/firefly
18687891144,IssuesEvent,2021-11-01T14:31:34Z,362231541,hyperledger/firefly
18687891116,PullRequestEvent,2021-11-01T14:31:34Z,269454659,ita-social-projects/horondi_client_be
18687891039,WatchEvent,2021-11-01T14:31:34Z,318463218,linhandev/dataset
18687891051,WatchEvent,2021-11-01T14:31:34Z,56901410,wiseman/py-webrtcvad
18687896812,WatchEvent,2021-11-01T14:31:55Z,321960447,openai/CLIP
18687896698,PullRequestEvent,2021-11-01T14:31:55Z,238038324,MalibuCommerceDev/mconnect-magento2
18687902691,PullRequestEvent,2021-11-01T14:32:16Z,417449043,uploadcare/pyuploadcare-example
18687902668,IssuesEvent,2021-11-01T14:32:16Z,277422872,pddemo/demo
18687902678,WatchEvent,2021-11-01T14:32:16Z,90669846,ds300/patch-package
18687902639,PullRequestEvent,2021-11-01T14:32:16Z,212048920,JirayuL/ske14
18687902582,PullRequestEvent,2021-11-01T14:32:16Z,257119119,vishalbelsare/optuna
18687902597,PullRequestEvent,2021-11-01T14:32:16Z,14620185,NREL/EnergyPlus
18687905357,WatchEvent,2021-11-01T14:32:26Z,413714137,plackyhacker/Sys-Calls
18687905303,PullRequestEvent,2021-11-01T14:32:26Z,361361217,AwesomeGitHubRepos/98
18687905280,IssuesEvent,2021-11-01T14:32:26Z,130375797,dmlc/dgl
18687909088,PullRequestEvent,2021-11-01T14:32:39Z,81276816,opensciencegrid/security
18687909056,IssuesEvent,2021-11-01T14:32:39Z,314781313,UnivTerbuka/online
18687909049,PullRequestEvent,2021-11-01T14:32:39Z,290326660,n9wxu/versaloon
18687909043,PullRequestEvent,2021-11-01T14:32:39Z,362095628,qbjstone/openwrt
18687909007,PullRequestEvent,2021-11-01T14:32:39Z,423493334,ventoux-boy/Salut-Monde
18687909031,PullRequestEvent,2021-11-01T14:32:39Z,235099557,vaadin/docs
18687913737,PullRequestEvent,2021-11-01T14:32:55Z,420889364,hh99-baseball-Mate/front-hh99-baseball-Mate
18687913412,PullRequestEvent,2021-11-01T14:32:54Z,198889624,Autodesk/maya-usd
18687916321,WatchEvent,2021-11-01T14:33:05Z,217436984,facebookresearch/demucs
18687916458,PullRequestEvent,2021-11-01T14:33:06Z,423477464,Hencccc/githubtest
18687922682,PullRequestEvent,2021-11-01T14:33:27Z,170293738,intergiro/model
18687922642,PullRequestEvent,2021-11-01T14:33:27Z,421025756,thingsboard/thingsboard-ui-help
18687922641,WatchEvent,2021-11-01T14:33:27Z,91960306,pauljamescleary/scala-pet-store
18687922547,PullRequestEvent,2021-11-01T14:33:27Z,241389270,gymshark/PanModal
